name,intro,label,predict_label
手工皂的植感生活,香草植物入皂，是許多學員想涉入的專業領域。而本課程內容是以<港北社區香草公園>所種植的香草植物為基礎，利用不同方法，將植物在新鮮、或乾燥、粉狀、煮汁或是製成精油、浸泡油等型態，為手工皂所運用。成為大家所喜愛的天然、無負擔的生活洗劑。,環境永續、美感教育,非上述屬性
丙級中式麵食-酥漿糕皮類,"參與上課學員均可學會中式傳統糕點,
證照考試:
1.丙級中式酥油皮,糕綠皮麵類(好吃的中式點心自己也可以動手做)
",美感教育,非上述屬性
蝶古巴特輕鬆學（後9週）,"課程目標：
認識蝶古巴特這項平民藝術,增進自我的生活美學,鑑賞能力。
並且以簡單的剪裁圖案與熟練的貼圖技巧為設計概念,藉由學會基本拼貼技法後，再進入彩繪修飾與技法處理,搭配不同坯體,運用多元媒材,做出一個個展現自我創作的藝術品。
",美感教育,人權法治、傳統藝術、美感教育
數據會說話～談投資入門,"因應全球銀行利息逐漸微薄,甚至進入零利率時代要將本金寄放銀行還需保管費的窘境,應儘早為投資人教育[股票/期貨/選擇權]的投資管道,讓其本金皆有所屬的投資歸依而無需呆放在銀行。",非上述屬性,非上述屬性
親子律動故事瑜珈武術,以孩子喜歡的故事，搭配有趣的遊戲，引導孩子快樂練習瑜伽體位法、呼吸法、武術及靜心，從中了解自己的身體及練習自我覺察，訓練專注力，促進身心健康。,代間學習、生命教育、家庭教育,非上述屬性
迷人風格~韓式蠟燭,"為自己找到紓壓出口，增加優雅甜蜜的生活情趣，一起學習DIY美麗可愛的韓式蠟燭吧!!
不需要任製作蠟燭基礎，即可經由這次系列課程，由淺入深，完成每件風格蠟燭作品。動動手帶來成就感！製作這些作品的同時立即帶來心情上的療癒與滿足。",美感教育,非上述屬性
美睫檢定考照班,老師會教授美睫課程應有之安全的專業知識與技術，並輔助學生考取證照培養美睫技能的認可，以利學生將來就業或開業時多了一份認定。TNL二級檢定目前為接受勞動部指甲彩繪技能職類測驗認證輔導單位。,美感教育,傳統藝術
導引藝術-舞太極,"本課程教學理念為以深入淺出的方式引導學員開發身體的自覺，進而開發身體的潛能。
規劃動機為推廣太極的自覺運動，讓太極文化更易於一般民眾入門。
",生命教育、美感教育,民俗文化資產、美感教育
Fun 鬆做瑜珈E班,"瑜伽改善身體的不平衡， 並藉由呼吸強化自律神經,淨化血液，達到健美強身的目的 。只要學會瑜伽並持之以恆的練習，將發現身體越做越好。",美感教育,非上述屬性
新住民中文班-高級A,"以聽、說、讀、寫、唱，帶領新住民，使新住民能快速的融入台灣的社會，並能對台灣的文化概況、語言、風俗能有所瞭解。
更希望新住民不僅僅只是為傳宗接代繁衍子孫而來，而是希望新住民能夠提升自己的能力。有能力自己親自指導自己的孩子，能徹底的了解孩子在校所學的科目，能有良善的親子關係及親師合作。 ",新住民課程,新住民課程、民俗文化資產
新住民中文班-高級B,"以聽、說、讀、寫、唱，帶領新住民，使新住民能快速的融入台灣的社會，並能對台灣的文化概況、語言、風俗能有所瞭解。
更希望新住民不僅僅只是為傳宗接代繁衍子孫而來，而是希望新住民能夠提升自己的能力。有能力自己親自指導自己的孩子，能徹底的了解孩子在校所學的科目，能有良善的親子關係及親師合作。 ",新住民課程,新住民課程、民俗文化資產
水水走新竹～水圳踏查,藉由竹塹社大環境議題的教師課程與工作坊，讓水圳與周邊居民對話，能自發、共好、互動地關注隆恩圳，並於課程結束後，組成一自發性的社團，持續關注隆恩圳水圳及周邊的公共議題,環境永續、地方學,環境永續
歐式麵包午茶輕食料理,"
歐式天然酵母麵包搭配蔬食料理,下午茶餐廳在我家
健康美味同時兼顧,搭配
",美感教育,非上述屬性
凝膠美甲創業初階班,美甲凝膠技術是現代的潮流與趨勢，為培養男女多一技之長，婦女們也能有二度就業機會，本課程將從基礎理論、進而創意、造型大結合，讓有興趣學習者能因此擁有專業技術，進而簡單創業增加收入‧,美感教育,非上述屬性
簡單學攝影- （手機）攝影基礎班,"教學熱忱、攝影經驗豐富，深具美學、美術涵養。全課程並佐以分組方式配置，以協助每位學員達成教學目標。

",美感教育,科技學習、美感教育
玩拼貼愛地球（延二）,"愛地球做環保是身為現代人必須做到的一項全民運動。
能夠運用拼貼的方式.來改造生活中棄之可惜的回收物品.是一件很有成就感的事情
也讓蝶古巴特不只是裝飾藝術.更是環保結合藝術的一大突破與創意表現

",美感教育、環境永續,環境永續、美感教育
療癒瑜珈(3/24開課),"1.練習觀’自己的呼吸、觀自己身體的感受、觀自己的情緒變化，認識與探索我是誰。
2.練習找回專注與放鬆的能力。

",美感教育,生命教育
office辦公室軟體實務應用,"Microsoft Office在企業電腦化中可說是最為廣泛使用的辦公軟體，本課程將教授目前使用率最高的三大商用軟體Word、Excel、PowerPoint，不論是編排報告、試算數據、製作簡報，均能正確的導入實際的功能與技巧。
",科技學習,科技學習
質感手作：園藝盆栽彩繪容器(延後兩周),"1.彩繪盆栽容器，栽種適合植物，放置適當位置，全部的過程-療癒又紓壓
2.認識全日照半日照植物，覺察自家房屋適合植物方位、及照顧方式。
3.學會DIY 彩繪不同容器，選擇栽種適當植物。
4.結合彩繪容器與盆栽園藝。
場地費另計:400元",美感教育,傳統藝術
新住民中文班-初級,"以聽、說、讀、寫、唱，帶領新住民，使新住民能快速的融入台灣的社會，並能對台灣的文化概況、語言、風俗能有所瞭解。
更希望新住民不僅僅只是為傳宗接代繁衍子孫而來，而是希望新住民能夠提升自己的能力。有能力自己親自指導自己的孩子，能徹底的了解孩子在校所學的科目，能有良善的親子關係及親師合作。 ",新住民課程,新住民課程、民俗文化資產
讀雜誌學英語（中級）,使學員得以透過雜誌快樂學習英語。,英語教育,英語教育
紙飛機創意模型,本紙製飛機課程使用紙製印刷材料，經適當裁剪黏合後，成品極似模型，除使學生加強專注力外，藉拚合過程，更能激發其基礎邏輯思維能力。教材比例結合真實飛機現況，相關氣動力符合空氣動力學，可藉拋擲飛行，訓練學生初階氣動力概念,非上述屬性,傳統藝術、國防教育
微笑天使-給大家的劇場遊戲-找回身體本能,"1.從自身的呼吸、行、坐等不同肌群、神經運作，覺察身心的連結，重拾身心合一的整體觀。
2.大量遊戲有助於參與者對自身的感知，而後能延伸至人與人、人與物件、人與地心引力、環境等議題。 
3.認識被壓迫者劇場的語彙、聲音、形象技巧到論壇劇場。",生命教育、美感教育,環境永續
傳統手作木工榫接傳承班,"開設這門課主要希望傳統手作木工這門技藝能夠傳承!!
也希望傳統木工工具能夠多一些人學習到如何使用!!
在不插電的情況下仍能創作出自己想要的傢俱",美感教育、傳統藝術,非上述屬性
歡唱卡拉OK B班,"一、理念: 結合氣功與發聲方法，推廣正確演唱卡拉OK的技巧。  
二、目標: (一)學員能學會養聲氣功及正確的演唱方法。 
         (二)學員能以樂會友，引吭高歌。 
         (三)學員能熱心參與社區歌唱表演及比賽。 
",美感教育,非上述屬性
快樂學越南語（進階）,本課程的主要目標是讓學生學習越南語，在學習越南語之餘，也能更加瞭解越南文化。,非上述屬性,民俗文化資產
歡唱日語卡拉ok,歡唱日語歌曲及探討日本文化,美感教育,民俗文化資產
世界遺產潛力點小旅行-台灣篇,"1.能說出文化資產的問題。
2.能實地探訪文化資產，找出環境與文化的問題。
3.能欣賞文化資產的狀態與外觀。",公民素養、環境永續、地方學、民俗文化資產,民俗文化資產、環境永續
丙級麵包證照班,"參與上課學員均可學會祇用健康的食材就能做出美味好吃的麵包,
可參加丙級麵包證照考試:
",美感教育,非上述屬性
歡唱卡拉OK A班,"一、理念: 結合氣功與發聲方法，推廣正確演唱卡拉OK的技巧。  
二、目標: (一)學員能學會養聲氣功及正確的演唱方法。 
         (二)學員能以樂會友，引吭高歌。 
         (三)學員能熱心參與社區歌唱表演及比賽。 
",美感教育,非上述屬性
桃竹苗古道探索-中級A,古道為先民開拓地方的動線，本課程旨在探尋古道沿線自然、人文景觀，以瞭解先民篳路藍縷以啟山林艱辛歷程，並調查沿途各項鄉土資料。,山野教育、地方學,環境永續
桃竹苗古道探索-初級E,古道為先民開拓地方的動線，本課程旨在探尋古道沿線自然、人文景觀，以瞭解先民篳路藍縷以啟山林艱辛歷程，並調查沿途各項鄉土資料。,山野教育、地方學,環境永續
桃竹苗古道探索-初級I,古道為先民開拓地方的動線，本課程旨在探尋古道沿線自然、人文景觀，以瞭解先民篳路藍縷以啟山林艱辛歷程，並調查沿途各項鄉土資料。,山野教育、地方學,環境永續
鄭子簡易太極拳初階,"
1.緣由:發揚中國固有國粹之太極藝術，增進國人健康。
2.學科/知識與理論:
學科：中華太極文化之介紹，概說太極之淵源及派別流傳，以及現今普傳之太極拳賞析。
知識與理論:以太極功法為基礎，教導學員们運動防護的觀念及日常生活正確的活動姿勢，",美感教育、生命教育,民俗文化資產、美感教育
土窯料理與烘焙-實作基礎班,"柴燒土窯料理，是早期人類生活的一部份，但現代的人卻沒有機會接觸學習。
柴燒土窯料理是一種節能環保的料理方式，且遠紅外線對食材的穿透力與料理之口感與味道非其他料理方式所能比擬，對食材的能量能做最好的保存，對食用者的身心有極高的價值。",美感教育,環境永續
小提琴輕鬆學,"本課程主要培養優良的演奏能力、精神與態度，推廣音樂藝術,，輕鬆享受音樂的國度。",美感教育,傳統藝術、美感教育
竹塹老樹巡禮,"以尋找社區老樹，學習老樹的生命智慧。透過室內與戶外的課程，學習認識老樹的成長故事，思辨社區老樹的價值與未來。
一 探索竹塹珍貴老樹的生命故事。
二 瞭解社區老樹存在的價值。
三 學習老樹成長的生命智慧。
四 關懷社區老樹的未來。",環境永續、地方學,非上述屬性
自然建築之～高效節能麵包土窯,認識從搖籃到搖籃的永續精神。運用就地取材的自然材料創造的高效節能麵包土窯，柴火加熱窯體，能量蓄滿後，依階段溫度可料理全食物（不只是麵包），土窯蓄積的熱能一個家庭可以連續使用達四天，善用能源便不需添大量柴火，達到低能源高料理產出的效益。,環境永續、山野教育,民俗文化資產、環境永續
抒壓生活陶藝及實用-陽光下的小桌設計,"1.讓每個人在玩土過程中快樂而輕鬆的學習陶藝基礎技法，發揮創造力激發潛能並建立自信。
2.用手探索感受來自大自然的土的溫潤與柔軟，並用其表達內心的當下的念想，創作可以應用在生活中的陶藝作品，落實生活美學。",美感教育、傳統藝術,環境永續、美感教育
社區協力農場港北實作-親近土地，享受生活,課程目標：提供都會人口得以親近土地，享受種植樂趣，增加生活情趣，從而進一步達成喜歡自然，熱愛土地的環保素養。,環境永續、社區總體營造、地方學,公民素養、環境永續
桃竹苗古道探索-中級B,古道為先民開拓地方的動線，本課程旨在探尋古道沿線自然、人文景觀，以瞭解先民篳路藍縷以啟山林艱辛歷程，並調查沿途各項鄉土資料。,山野教育、地方學,環境永續
桃竹苗古道探索-初級D,古道為先民開拓地方的動線，本課程旨在探尋古道沿線自然、人文景觀，以瞭解先民篳路藍縷以啟山林艱辛歷程，並調查沿途各項鄉土資料。,山野教育、地方學,環境永續
桃竹苗古道探索-高級A,古道為先民開拓地方的動線，本課程旨在探尋古道沿線自然、人文景觀，以瞭解先民篳路藍縷以啟山林艱辛歷程，並調查沿途各項鄉土資料。,山野教育、地方學,環境永續
微笑天使-養生樂活二胡,藉由學習拉奏二胡，訓練大腦控制左右手互相配合，演奏美妙的音樂。既能強腦健身，又可增強神經反應。也藉著二胡音樂來陶冶性情，增進生活樂趣，真乃養生樂活二胡是也。,美感教育、傳統藝術,傳統藝術
導引藝術-42式太極拳,"1.緣由:
發揚中國固有國粹之太極藝術，增進國人健康。
2.學科/知識與理論:
學科：中華太極文化之介紹，概說太極之淵源及派別流傳，以及現今普傳之太極拳賞析。
知識與理論:以太極功法為基礎，教導學員们運動防護的觀念及日常生活正確的活動姿勢",生命教育、美感教育,民俗文化資產、美感教育
導引藝術--42式太極劍,"1.緣由:
發揚中國固有國粹之太極藝術，增進國人健康。
2.學科/知識與理論:
學科：中華太極文化之介紹，概說太極之淵源及派別流傳，以及現今普傳之太極拳賞析。
知識與理論:以太極功法為基礎，教導學員们運動防護的觀念及日常生活正確的活動姿勢",生命教育、美感教育,民俗文化資產、美感教育
環境生態與永續旅遊,促進生態教育與永續發展的教學目標：培育環境保護、生態保育及森林保存價值觀念，傳授生態環境問題及永續發展的知識。,環境永續,山野教育、環境永續、社區總體營造
中東肚皮舞初級,"1.讓學員在跳舞的同時，讓自己心靈愉快，達到解壓放鬆、增添樂趣的目的。
2.增進對中東國家文化和藝術的認識，拓展國際視野及藝文品味。
3.突破對上台表演的恐懼感，明白舞台演出的要訣，舞出自信。
4.加強對舞蹈動作技巧的吸收和理解。",美感教育,傳統藝術、民俗文化資產、美感教育
日語初級(10課～12課),透過歌唱學習到簡單日本語問候，及進一步了解日本文化，風俗習慣等，歌唱是一種健康的運動，可以解除您生活上的壓力，豐富精神層面領域，增進生活樂趣。透過歌唱學習到日本的文化、風俗習慣及簡單的問候語，上課方式輕鬆自在，幽默好笑的無壓力。,非上述屬性,民俗文化資產
水太極～太極傳統導引藝術,"透過練習鬆柔似水的太極與導引，引導學員認識身體的構造與活動方式，教導學員運動防護的觀念及日常生活的正確活動姿勢，以避免運動傷害。
並練習如何平衡骨架、伸展放鬆、鍛練筋骨與活絡氣血，以增加自我保健及自療的能力，進而發現身體的空間，與自己靜好。",生命教育、美感教育,美感教育
生活魔術課,希望能夠在這個社會中推廣表演藝術，藉由魔術來欣賞演出者與觀賞者應有素質，讓身邊親朋好友認識魔術的美好。,美感教育,美感教育
用水彩去旅行-初階,"初階風景水彩課程,從基礎樹,山,水,等自然風景畫法,到一點透視講解建築街景概念,從臨摹到創作,一步步帶領初接觸水彩的學員體會水彩創作樂趣,進而能隨手記錄下自己旅行的感動.",美感教育,民俗文化資產、環境永續
有氧筋膜滾筒皮拉提斯,"1.依循核心穩定原則設計的有氧舞蹈，針對想要增肌與強化體能耐力的族群
2.提供溫和安全步型組合來活動全身大肌群，安全提升有氧代謝、活化心肺適能
3.提高脊椎骨盆控制能力、協調性、肌力、肌耐力與平衡性
4.學會運用滾筒操作肌筋膜自我放鬆",美感教育,傳統藝術、美感教育
竹塹學-城市老建築觀察,"1.	對老建築議題擁有更高的洞察力與同理心。
2.	透過觀察，為生活尋找更多樂趣。
3.	實際參與老建築議題討論，或甚至付諸行動。
4.	在觀察或付諸行動的過程中，為新竹的都市紋理增添色彩。",公民素養、社區總體營造、美感教育、地方學、民俗文化資產,民俗文化資產
佛拉明哥舞~初階班,"教學目標：
一、認識佛拉明哥舞的文化藝術。開展文化包容與豐富生活。
二、舞蹈加上音樂、節奏等融合，透過舞蹈將情感與自信表現於生活。
三、提升肢體活動力，將心眼擴展、情緒轉動，促進身體健康，身心合協。
",美感教育,傳統藝術、民俗文化資產、生命教育、美感教育
快樂學桌球(週五班),"藉由桌球課程了解球場禮貌，培養勝不驕敗不餒精神，以球會友的態度，發展人際關係的和諧，享受運動過程中的快樂。
",美感教育,非上述屬性
初級旅遊美語,"生活美語已成為現代人出國必備的工具,本班藉由主題式的生活美語,學習單字和 句型, 並利用小組討論和對話練習,學習實用的生活美語,讓您出國,出差輕鬆說英文.",英語教育,英語教育
居家及個人形象色彩應用,"本課程是採用四季色彩之理論,鑑定專屬的個人色彩.因本人擔任室內設計師,多年來深知色彩對居家的影醒甚鉅.是艷麗的紅還是高雅的紅適合自己?在穿著搭配上,穿對顏色可使氣色氣質更佳.將色彩廣泛運用於社區社會,使城市充滿美麗的色彩",美感教育,美感教育
玩皮手作-皮雕小物,"皮革手作是市場上多人學習製作的手作項目，本課程內容將教導染色,縫合皮革製作學習。
",美感教育,非上述屬性
知己知彼的成功識人學,"有心無相相隨心生；有相無心相逐心滅。隨著歲月流轉與後天人格的養成，性格已和容貌緊緊結合在一起。唯有先懂得『識己』之後才能懂得『識人』。借由識人學的研習可內觀自我、修煉自己，學習樂觀積極的處事態度，創
造更圓融、成功的人生。
",生命教育,非上述屬性
社區風味西點製作,"1.	讓學員了解掌握烘焙的食材、溫度、發酵等製作技巧。
2.	讓學員從打麵開始學會做出不同種類的西點點心。
3.	讓學員能夠透過課程激發創意思考，發展出在風味、造型具獨特性的社區伴手禮。
",美感教育,非上述屬性
音樂與生活（歌劇欣賞）,"1. 透過電影、廣告配樂等媒材，多元輕鬆地認識古典音樂的歌劇作品，開啟生活的美好藝術面向。
2.對經典歌劇及背後的社會文化脈絡有更深入的認識。
3.學會主動搜尋網路的歌劇相關資料。
4.讓生活中充滿美好的樂音，提昇美學涵養和人文品味。
",美感教育,人權法治、傳統藝術、民俗文化資產、美感教育
祖孫樂活~歡樂氣球掌中戲,"1.玩氣球、健身樂，利用氣球可折的特性，來強化銀髮族社區青年的手掌肌肉與手臂肌。
2.玩創意、活絡腦力及創意發想，運用這氣球過程中，激發創意發想。
3.增長流質智力，強化晶質智力，學習新知，重建新的神經迴路。
4.運用氣球來佈置社區公共空間，增進青銀族的社交關係與社會連結。",美感教育,非上述屬性
探索神秘的星空,"學員自我能力提升的效益：認識星空奧秘，吸收天文知識
學員公民素養提升的效益：瞭解光害與空氣污染對星空的影響，並推廣節能環保愛地球
",環境永續,人權法治、公民素養、環境永續
畫(話)遊竹塹-城市速寫與故事,"因為一向以身為新竹人為傲，對竹塹文史略知一二，加上從事多年美術教育，因此想結合文史導覽和塗畫，在輕鬆的氛圍下，讓大家認識新竹的在地小故事，自在塗畫所見所感，且因瞭解而對新竹更有認同感。
",美感教育、地方學,美感教育
硬筆入門軟筆秀藝,藉由書寫硬筆字與軟筆字，讓學員充分體會漢字之美，進而影響家人、朋友，讓現今充斥在電腦打字的年代，能夠重新拾筆書寫，感覺手寫的溫度，此外，寫字更可以培養心性與耐性，減少人在社區、社會的暴力衝突。,美感教育,科技學習
鄉詩俚諺采風情：古典詩文吟唱、賞析、創作,透過課堂講義及教材(唐詩、竹塹竹枝詞、諺語等)的傳授、賞析、吟唱與習作，由淺而深，引發誘導學員「讀我家鄉、愛我故里」的情懷。並學會用文字，認識詩歌基本格律及吟唱要領，點寫週遭極目所見、所聞與所感；我手寫我口，紀錄過去與現在，並參與社區活動及吟唱比賽，達到人文素養之提昇與鄉土傳情於未來之目標。,本土語文,公民素養
微笑天使－學手語遊竹塹,課程開設理念：日常生活中，我們偶爾會在政府機關、醫院、咖啡館…任何一處，見到飛舞雙手，表情豐富的聾朋友們開心地聊天；也曾見到心急如焚的聾人遭逢急難，卻因不擅長筆談，綜使努力地比手劃腳，聴人仍無法理解其需求的無助…。新竹是一個健康、友善的城市,公民素養、生命教育,非上述屬性
輕水彩好生活,"期許學員能用簡單的色鉛筆,輕水彩的媒材, 紀錄生活中的小確幸, 增添生活色彩.",美感教育,非上述屬性
輕鬆玩鍵盤-爵士音樂帶著走,希望透過簡單、方便、便宜的手捲電鋼琴，讓學員輕鬆學習無負擔，開心玩音樂彈奏簡單歌曲，自娛娛人。教師將依學員程度分成初階中階兩組，給予適合的教材並隨時更新進度。期望再期末每個人都能上台自信表演。,美感教育,傳統藝術
關係療癒-表達性藝術治療,藝術治療課程是以正念與心理劇為根基的表達性藝術治療課程。課程中以學習藝術治療的重要概念為主，以情緒管理相關的理論為輔，使用表達性藝術治療之媒材，透過表達性藝術治療、完形治療、心理劇、催眠療法的運用，學習察覺身體、感覺、思想、達到身心抒壓平衡,性別平等、生命教育、家庭教育,生命教育、美感教育
歡唱學英語,"透過歡唱歌曲增進學習英語的興趣, 藉著歡唱歌曲的快樂氛圍, 讓英文輕鬆朗朗上口, 提高學習英語的效率!",美感教育、英語教育,英語教育
Fun 鬆做瑜珈B班,"瑜伽改善身體的不平衡， 並藉由呼吸強化自律神經,淨化血液，達到健美強身的目的 。只要學會瑜伽並持之以恆的練習，將發現身體越做越好。",美感教育,非上述屬性
中醫養生保健,"中醫藥與民眾的日常生活飲食息息相關，希望透過上課與彼此的互動，讓更多人了解認識中醫，並從其中傳遞正確的中醫藥資訊。一個家庭中媽媽、姐妹們常是重要的飲食管理者、家庭的支柱，而健康的飲食、生活習慣是強身的基礎。所以正確資訊，飲食的選擇、陰陽的調整、與自然節氣的配合，都是非常重要的。

    中醫認為：脾胃是後天之本，照顧身體要從健康的飲食選用及正確的生活調息開始，期望透過知識的傳遞能讓健康的生活從每個小角落、小地方著手，讓健康的資訊能藉由母親的傳遞渲染每個家庭，造就我們健康的下一代。",生命教育、安全教育、藥物濫用,環境永續
手與布的蜜蜜世界-縫紉與拼布小物,"1. 以簡單的手縫創造出自用送禮兩相宜的作品。
2. 增加自己閒暇之餘的生活樂趣與成就感。
3. 開創自己另一項興趣與技能。
4. 結識同好，擴大生活圈。
",美感教育,非上述屬性
日語入門,透過歌唱學習到簡單日本語問候，及進一步了解日本文化，風俗習慣等，歌唱是一種健康的運動，可以解除您生活上的壓力，豐富精神層面領域，增進生活樂趣。透過歌唱學習到日本的文化、風俗習慣及簡單的問候語，上課方式輕鬆自在，幽默好笑的無壓力。,非上述屬性,民俗文化資產
古箏入門,透過雙手接觸琴弦傳達，感受著中國音符的跳動，將箏樂之美，逐漸融入於精神世界的涵養中，陶冶心靈培養氣質，提高藝術鑑賞力，擴展視野建立自信。,美感教育,美感教育
正念認知生活 MBCT for Life,"正念認知生活 MBCT for Life 課程目的在於提供人人都可親近的正念練習和認知行為方法,本課程引導成員如何在日常生活中應用這樣的學習來處理困境,同時培育喜悅,慈悲,平等和智慧。它提供了一種不同的生活方式,品味生活,豐富生命。",生命教育,人權法治
在愛恆樂活園實踐社會性樸門,"1.協助學員成為愛地球,愛人,分享多餘的社會及地球公民
2.認識社會性樸門的生活智慧,並活用在生活中
3.認識社群,生物多樣性,水,能源,土壤,並學習在生活中收集這五大元素,提升生活的能力
4.認識到個人與社區的連接,關懷居住的社區",生命教育、環境永續、公民素養,人權法治
快樂學易經：開啟生命智慧,本課程擬以「閱讀易經」、「觀察卦象」的模式，帶領學員領悟「《易經》文字背後豐富的智慧密碼」、察覺「自身處境中的進退應對」，希冀找回「生命的立足點」，開啟智慧、快樂生活、安頓心靈。,生命教育,非上述屬性
初級生活美語,"用英語環遊世界其實很簡單, 本課程藉著自然發音,進入實用句型,並教你靈活運用國中單字和句型,輕鬆學習生活美語和好聽的英文歌曲, 讓你出國開心秀英語.
",英語教育,環境永續、英語教育
法人投資秘笈-2021年台股投資熱點,"本次共四周課程，包括運用實例呈現法人如何同時運用基本面，技術面及籌碼面的選股流程。更重要的是，課程將預告2019年最熱門產業。
投資人只要運用重要財務指標，就足以認識一家公司，如果營運好，就長抱；營運轉差。斷捨離。學法人投資也可以很簡單的。",非上述屬性,非上述屬性
社區二三事、我紀錄 — 手機運用探索篇,因應社區民眾手機之普及使用習慣，自拍、隨拍之舉措隨處可見，如能導入社區關懷的意念，手機紀錄社區事，以社區內部觀點，重新建構社區民眾關注社區的方式，期能達成與社會對話的可能。,公民素養,科技學習
桃竹苗古道探索-中級C,古道為先民開拓地方的動線，本課程旨在探尋古道沿線自然、人文景觀，以瞭解先民篳路藍縷以啟山林艱辛歷程，並調查沿途各項鄉土資料。,山野教育、地方學,環境永續
桃竹苗古道探索-中級E,古道為先民開拓地方的動線，本課程旨在探尋古道沿線自然、人文景觀，以瞭解先民篳路藍縷以啟山林艱辛歷程，並調查沿途各項鄉土資料。,山野教育、地方學,環境永續
桃竹苗古道探索-初級F,古道為先民開拓地方的動線，本課程旨在探尋古道沿線自然、人文景觀，以瞭解先民篳路藍縷以啟山林艱辛歷程，並調查沿途各項鄉土資料。,山野教育、地方學,環境永續
烏克麗麗彈唱演奏入門,夏威夷的四弦小吉他-烏克麗麗，簡單易學，方便攜帶，沒有音樂基礎要求，適合各年齡層，透過活潑生動的教學方式，按部就班的系統練習，讓學員從無到有輕鬆的學習，讓烏克麗麗融入生活，享受指尖音符流動的樂趣。,美感教育,傳統藝術
脊椎骨盆保健皮拉提斯,日常生活中因習慣而累積的脊椎骨盆肌肉失衡，會造成腰背慢性疼痛不適、體態走樣與功能失調，運用短芯滾筒輔助皮拉提斯訓練，可增進脊椎骨盆肌肉的穩定控制能力，並透過短芯滾筒放鬆肌肉中潛藏的結節或激痛點，搭配正確伸展方式，學會日常中自我覺察與照護。,美感教育,非上述屬性
健康輕運動：彈力帶、瑜伽球、瑜伽提斯,為紓解日常生活中因生活、工作壓力引起的憂鬱或焦慮，輕運動乃最自然的身、心、靈為紓解日常生活中因生活、工作壓力引起的憂鬱或焦慮，輕運動乃最自然的身、心、靈合一健康養生功法，結合瑜珈體位及皮拉提斯的基礎動作，能夠增進健康、提升免疫力。,美感教育,環境永續、生命教育
"國標社交舞A班(探戈,吉魯巴)","從基本的動作的學習開始一步步的走入社交舞的世界中,慢慢的認識社交舞,
並隨著音樂的節奏,踩著輕盈活潑的舞步,找回青春的活力和運動的樂趣!!
輕鬆快樂的學習中,領略到社交舞之美!
",美感教育,傳統藝術
"國標社交舞B下午班(華爾茲,森巴)","從簡單的舞步開始慢慢進階到雙人舞,開始了解到社交舞的社交功能,
藉著悅耳的音樂和美妙的舞步,更加了解社交舞的內涵和美,
更用心的去感受身體的律動和音樂配合而產生的力量,進而無法自拔的愛上社交舞!!
",美感教育,傳統藝術
"國標社交舞C上午班(倫巴,捷舞)","從簡單的舞步開始慢慢進階到雙人舞,開始了解到社交舞的社交功能,
藉著悅耳的音樂和美妙的舞步,更加了解社交舞的內涵和美,
更用心的去感受身體的律動和音樂配合而產生的力量,進而無法自拔的愛上社交舞!!
",美感教育,傳統藝術
基礎素描,素描是所有繪畫的基礎，透過課程訓練，了解透視，培養立體感和空間感，並利用生活中垂手可得的事物入畫，在輕鬆的狀態下學習，循序漸進、深入淺出，讓繪畫不只是繪畫，而是成為一種休閒享受，進而奠定素描的基礎技巧。,美感教育、傳統藝術,非上述屬性
從電影療癒自己-話生命，聊性別,本課程將以電影、短片為輔助媒材，採用提問、分享與討論方式，從學員的生命經驗出發，看見生活處處離不開性別，以及因性別差異對個人生命的影響，發現、探討、理解自己的性別處境，並審視生活經驗中的性別議題，進而有不同的體悟與收穫。,性別平等,性別平等
旋轉天鵝~美式排舞週四初階班,"美式排舞為輕度運動.意思是排成排一起跳的舞.男女老少都適合.排舞運動風靡全球.
學員能藉由上課.活化全身體力.加強肌耐力.提升學員手腳協調性.訓練平衡感及記憶力.在反覆練習舞序並搭配舞曲.完整跳出舞曲.可加強學員自信心.促進身心健康.
",美感教育,非上述屬性
植物玻璃鑲崁,老師擁有8年珠寶設計師的經歷，將用人生中對美學的經驗與眼光，帶給飾品更多的樣貌與層次，並教授學員製作飾品的技巧,美感教育,美感教育
歌唱藝術與養生-竹塹社大合唱團推廣課,"1.學員能學會養聲氣功及正確的發聲方法。 
2.學員學會合唱表演技巧。 
3.學員能欣賞各種合唱作品。 
4.學員能熱心參與合唱表演。
",美感教育,美感教育
養生太極拳,"本課程為基於使學員在經歷學習的過程之後，能具有初識太極拳的體性與作用的成效，而採用融入式的複合課程的架構。以提供給太極拳的愛好者一個有效率的入門學程，並兼顧到已稍具基礎的同好，不論在武術的提昇方面或是養生的功效方面，都可以獲得登樓窮目的成長碩果。所以課程的內容包括太極練功學、初階與進階拳架、基礎推手與進階應用等的練習，同時安排了運動傷害的預防與推拿保健的主題，以強化整個課程內容的結構。

學員經由本課程的學習與身體鍛鍊，體弱者將因此而轉健，體健者將因此而強壯。每位學員皆能把從社大所獲得的身體健康的財富，帶回家庭，帶回社區，帶回生活週遭，而關懷社會，造福人群。亦即因本課程在社大教室的播種，而深耕遍及本土社區的每個角落，降低醫療資源的耗損，灌注社會有機活力，而厚植國富民強的國本。

另外，本課程將會陸續的推出以太極拳完整套路，即整套拳架為主的延伸課程，從基礎動作，進入動作的精確性，而擴及力學原理與運動原理的探討，以及深入如何以心行氣，以氣運身的內在意識領域，藉以探尋人體工學的奧秘，…進而窺探太極拳的堂奧。

當然，在太極拳的推手方面，也將同樣以如此深入淺出的方式，另闢一門課程呈現給所有愛好推手的太極拳同好。",美感教育、生命教育,非上述屬性
靜心寫書法B(寬博正氣顏真卿楷書）,"基本臨摹書寫為主要教學重點，透過書寫建立學員對字形結構的掌握及行氣佈局的認識，進而與古人遊。
臨習各書體後，進而書法創作，亦培養對書法藝術的鑑賞力。",美感教育,美感教育
舊衣改造與修改衣服,現代人衣服不穿都丟回收箱子或垃圾車，蠻可惜，造成環境污染，如果可以再利用它，再生復活物命，不但環保，又可表現創意機會，有機會到社區服務,環境永續、美感教育,環境永續
居家水電維修與實作-基礎,面對全球的不景氣，您的財富還能剩下多少？惟有做好節約能源與減碳的管理，使家庭成為每個人最佳的庇護所，瞭解個人居家基本設備安全、維護保養的基本知識與節能減碳和能源管哩，學習生活技能，使其一生受用無窮，更擁有終身的安全保障，促進居家安全,環境永續,環境永續
芳香經絡心靈舒活課程（經絡拳）,"1、緣由: 因經絡拳易學易懂，隨時隨處可振盪，不僅自己可健康也可推
                           廣給周邊的人
2、學科/知識與理論: 經絡拳~是屬[經絡振動學]是源自中國的生命科學，學
        習以雙手振盪",美感教育,非上述屬性
婦女消費權益面面觀,希望藉由這課程讓學員深入法律相關領域，認識包括消費者保護、金融保險、房地產、公寓大廈管理、補習教育、職場性騷擾等相關法令，以實際案例分享可能發生之狀況，對此有認識了解，並能保護自己、保障自己的權利，促進性別平等，避免被有心人矇騙。,性別平等、人權法治,人權法治、性別平等、消費者保護
Fun 鬆做瑜珈D班,"瑜伽改善身體的不平衡， 並藉由呼吸強化自律神經,淨化血液，達到健美強身的目的 。只要學會瑜伽並持之以恆的練習，將發現身體越做越好。",美感教育,非上述屬性
Scratch程式基礎,"1. 教導學員學習基礎程式概念
2. 使用活潑的scratch，讓動畫，小遊戲更容易寫出
3. 透過小遊戲增加親子，祖孫互動
",科技學習、代間學習,非上述屬性
太極傳統導引藝術,"1.緣由:
發揚中國固有國粹之太極藝術，增進國人健康。
2.學科/知識與理論:
學科：中華太極文化之介紹，概說太極之淵源及派別流傳，以及現今普傳之太極拳賞析。
知識與理論:以太極功法為基礎，教導學員们運動防護的觀念及日常生活正確的活動姿勢",生命教育、美感教育,民俗文化資產、美感教育
手工皂的樂趣：竹塹的故事,本課程內容為手工皂應用課程。結合竹塹的風土民情，運用在手工皂製皂的創作裡，是一門結合藝術與技巧的操作學問。這裡面包括色彩學、力學、化學以及美學的培養，是做皂追求的藝術境界。每堂課程都非常實用，讓有心挑戰更高製作技巧的學員一展才能。,美感教育、環境永續,美感教育
古箏合奏,以合奏方式訓練學員音樂之間的默契與美感，開啟耳朵對於音樂的靈敏度，來達到音樂帶來之身心靈放鬆，並藉由合奏協調自身節奏感。,美感教育,傳統藝術、美感教育
生活與花草,紓壓放鬆，與花草植物做朋友，綠色療癒在我家。依循節氣，播種扦插，不只在於土地，更在心田。借一方綠意，與天地連結；感四時遞嬗，悠遊慢賞。藉由種植、飲食及與花草植物相關的手做，培養環境知覺，打開五感及季節感，當下體驗生活的簡單幸福之美。,美感教育,環境永續
快樂學台語-讀寫基礎,"1.緣由: 
本課程將培養學員台語的讀寫基本能力，並對台語認證考試作準備。
2.學科/知識與理論: 學習台語讀寫方法。
3.技能:  培養學員台語讀寫能力。
4.品德/態度: 讓學員能更愛惜台語疼惜鄉土。
5.讓學員可以讓自己身邊的故事留下",本土語文,非上述屬性
男女美容美髮乙丙級證照與影視角色髮妝造型,培養具有男女子美髮乙、丙級技能檢定之標準，達到整體造型設計之能力，授與學員需具備之男女子美髮行銷、瞭解男女子美髮等專業知識，培養具有敬業樂群之服務精神與職業道德，養成勤儉樂觀及積極敬業的工作態度，創新及應變的能力，培養其具有終身學習之態度與,美感教育,美感教育
易經開門," 《易經》是中華民族燦爛的瑰寶，被譽為群經之首，大道之源。透過習易演易，進而推天道以明人事，並以陰陽互應，天人交感，以通天下之志，以定天下之業，以斷天下之疑。同時也講究君子進德修業當以自強不息和厚德載物之精神來立身處世，它更是解開宇宙人生密碼的一部智慧寶典。故《論語》子曰：「加我數年，五十以學易，可以無大過矣！」
本課程是以究天人之際，通古今之變，利用易經法則來開啟我們的心靈智慧，創造無限潛能，並有效運用國學所闡揚的經典哲理，作為修身、齊家、治國、平天下之指南。


",生命教育,非上述屬性
客語說文解字,"客語係漢語之一，用正確之漢字書寫，方才可能保存、推廣、發揚客家語言文化，現代在台灣之各種書面同電子媒體，常出現用北京音譯寫客語字詞之錯誤示範，本課程旨在透過現代語言學之專業素養，學習正確之漢字書寫，從而認識客家文化，促進在地認同。
1 了解漢字个特性 單音節包含聲母、韻母、聲調。
2 字形結構象形、指事、會意、形聲。 
3 漢字活用轉注、假借。
4 客語正確用字必須音合、意合、習慣講法也合。
5 學習客語達到會聽、會說、會讀、會寫个完整目標。",本土語文,公民素養、民俗文化資產
活動主持與魅力口才,培力社區領導人及志工擁有活動帶領主持能力。提升表達技巧能力，包含台風、口語及說故事等能力，並能因應不同場合、節慶、對象等，妥善引導觀眾關注活動進行。提升社區活動辦理品質與參與者的專注度，擴大活動辦理成效。協助對擁有魅力口才有高度興趣，對自我優質口語表達有高度期許之同好，能在公眾場合正確表達，展現個人形象魅力，進而能稱職得宜擔任司儀/主持人工作，輕鬆掌控活動進行，帶領活動順利圓滿完成。,社區總體營造,非上述屬性
胡琴二胡入門,中國音樂文化傳承，分享音樂融入家庭裡，溫暖人心，並促進社會和諧。,美感教育、傳統藝術,傳統藝術、民俗文化資產
桃竹苗古道探索-初級A,古道為先民開拓地方的動線，本課程旨在探尋古道沿線自然、人文景觀，以瞭解先民篳路藍縷以啟山林艱辛歷程，並調查沿途各項鄉土資料。,山野教育、地方學,環境永續
桃竹苗古道探索-初級B,古道為先民開拓地方的動線，本課程旨在探尋古道沿線自然、人文景觀，以瞭解先民篳路藍縷以啟山林艱辛歷程，並調查沿途各項鄉土資料。,山野教育、地方學,環境永續
桃竹苗古道探索-長青班,專為65歲以上長青學員規劃之健行課程,山野教育、地方學,非上述屬性
烘焙舒壓趣,在社區大學多年的教學經驗，深深體認到學生在家最常做的料理，其實不在於食材使用得有多花俏，反而是材料要取得方便，並且容易完成的才會時常製作，所以利用身邊常見的食材與烘焙結合，讓烘焙增加各種食材的變化樂趣，期使能更貼近生活，使烘焙深入每個家庭。,美感教育,非上述屬性
植物灌膠生活用品及飾品,老師擁有8年珠寶設計師的經歷，將用人生中對美學的經驗與眼光，帶給飾品更多的樣貌與層次，並教授學員製作飾品的技巧,美感教育,美感教育
華麗轉身~美式排舞週三初階班,訓練學員肢體協調.進而完整的跳舞.不但可讓學員輕鬆無負擔的學習.還能加強學員自信心.,美感教育,非上述屬性
葡萄酒品飲；有品飲課程,"舉凡新竹城隍廟在地小吃也能搭配葡萄酒、亦或是簡易的挑選酒款方法......等等。
從輕鬆簡單無壓力的環境下學習專業知識，並且用於日常。
",美感教育,環境永續
運動休閒舞蹈（推廣課程）,"由各國基本舞步學習,進而培養及排練舞曲,藉由個別,分組,團體練習,展現成果",美感教育,傳統藝術
實用葡萄酒知識課程；無品飲課程,"舉凡新竹城隍廟在地小吃也能搭配葡萄酒、亦或是簡易的挑選酒款方法......等等。
從輕鬆簡單無壓力的環境下學習專業知識，並且用於日常。
",美感教育,環境永續
輕鬆賞鳥趣（戶外+室內）,"1.認識生活周遭環境的鳥類，欣賞鳥類的飛羽及觀察習性行為，增加行走自然步道的樂趣。
2.教導學員如在野外遇到受傷鳥類時，應如何處理。
3.引導學員如何我們關心環境、維護生態之心。
4.享受大自然的美好、吸收芬多精、放鬆療癒心情、紓解壓力。",公民素養、環境永續,環境永續
靜心寫書法A（寬博正氣顏真卿楷書）,"基本臨摹書寫為主要教學重點，透過書寫建立學員對字形結構的掌握及行氣佈局的認識，進而與古人遊。
臨習各書體後，進而書法創作，亦培養對書法藝術的鑑賞力。",美感教育,美感教育
從當代電影看世界文化--十七、八世紀的中西交流,當代世界是全球化的社會，面對時空環境的壓縮，人（族群）與人（族群）、民族與民族間，互動更密切，但衝突也隨之出現。面對差異，如何讓族群、文化間的隔閡減低，彼此了解與互動，是本課程開設由來。本課程透過電影的觀賞，以深入淺出的方式探討：1.文化認同：「多元文化」在文化認同、性別取向、價值觀的多重選擇。2.國家層面：多元事實與理想有出入，面對多元族群與文化，如何讓彼此間的隔閡消彌，為政策制定與執行所須思考的層面。3.個人而言，「多元」可代表開放、活潑、豐富的人生，也可能是生活無重心或充滿衝突。全球化下的台灣，文化多元性超越其他地區，本課程以電影寓教於樂地促進台灣社會與文化的多元包容。,公民素養,人權法治、性別平等、新住民課程、民俗文化資產、環境永續
Fun 鬆做瑜伽C班,"瑜伽改善身體的不平衡， 並藉由呼吸強化自律神經,淨化血液，達到健美強身的目的 。只要學會瑜伽並持之以恆的練習，將發現身體越做越好。",美感教育,非上述屬性
大家來學外丹功（推廣課程）,現代社會，人口大多集中城市，空間有限，無法充分活動，二則工商業體力勞動銳減，三則許多家務或已經電氣化，自動化，或不合健康需求，四則高齡人口逐漸增加，在在皆須安排優質之運動。外丹功就以外在動作啟動先天氣的功夫，其外在動作包含活動關節，腹式呼吸與自我按摩，而先天氣是生命之原動力，與血液一樣重要。啟動先天氣各種器官功能才會正常。外丹功在台灣推展近三十年，這三十年累積了不少寶貴經驗，增加了一些輔助動作後，效果更迅束而且顯著，練外丹功保證可使一個人身心健康，神采煥發。,美感教育,代間學習、高齡心理健康
文字之美-行草篇,書法藝術係透過書法學習，可以怡情養性，增進恆心、毅力的定靜功夫。只要有心，就可以將字寫好、寫美，讓學習書法成為生活中的一門樂事。,美感教育,美感教育
日語進階四(J9)大家的日本語第39-42課,使學員能達成日檢N4~N3程度為目標。透過解說日語單字意思、發音規則、句型結構等打好日語基礎、理解進階日語，以期學生將課程內容運用在聽、說、讀、寫、譯等基礎能力上，達到奠定日語基礎、培養學習興趣、養成課外積極使用日語習慣。,非上述屬性,非上述屬性
日語讀書會（全日文上課）,透過語言讓學員了解日本文化及生活習慣。藉由精進日本語言及日文文法，讓學員了解日本的社會文化及生活習慣，認識差異，拓展多元國際觀。,非上述屬性,人權法治、民俗文化資產
打開英語的耳朵 培養STEAM生活力,"開課緣由: 在新竹這個科技城,竹科人的英文實力是不容小覬的.但因現代社會型態的改變與多家庭因為雙薪工作,父母十分忙碌,導致親子共讀的時間大幅縮短 .故本課程希望為家長大幅縮短挑選英語繪本的時間,分享許多輕鬆,有趣,適合親子共讀的英語繪本.",英語教育,英語教育
生活花藝創作,"將花藝融入生活中,透過花藝的創作,啟發創造力.並透過花草來療癒紓解壓力.透過花藝,並拉近人與人間的距離.
本課程將教授最新流行的不凋花及乾燥花,以及鮮花的日式花藝及英式花藝術.
讓學生可以多方面接觸不同的花藝,並講解花藝架構,學習色彩的搭配",美感教育,美感教育
佛拉明哥舞~進階班,"教學目標：
一、認識佛拉明哥舞的文化藝術。開展文化包容與豐富生活。
二、舞蹈加上音樂、節奏等融合，透過舞蹈將情感與自信表現於生活。
三、提升肢體活動力，將心眼擴展、情緒轉動，促進身心健康協調。
",美感教育,傳統藝術、民俗文化資產、生命教育、美感教育
長青台語歌唱班,用卡拉OK歌唱的方式教唱台語新（老）歌，以演唱的心情練音、練唱、練技巧；學習咬字、學習運用技巧轉音，學習用「心」來唱歌。選擇最普遍的老歌，跟上潮流唱新歌；把音樂、歌聲帶入您的生活之中，大大方方的演歌，隨時隨處自然開口擺姿演唱「好聽的歌」。,美感教育、本土語文,傳統藝術、環境永續
架網站：資訊架構學入門,大家都知道一個網站對於一個組織很重要，但是，很少組織擁有恰如其分的網站。這門課，希望可以訓練更多人知道如何規畫一個網站並且產出網站規劃書，同時，實際做出網站的雛形（prototype）。,科技學習,非上述屬性
香氣風味識別課程；品茶品花草品香,"從輕鬆簡單無壓力的環境下學習專業知識，並且用於日常。
現代人難以有嗅覺味覺感受相關課程；以天然的花草來讓大家更能明白，茶、酒、咖啡裡所訴求的香氣味道，到底是甚麼
",美感教育,環境永續
桃竹苗古道探索-中級D,古道為先民開拓地方的動線，本課程旨在探尋古道沿線自然、人文景觀，以瞭解先民篳路藍縷以啟山林艱辛歷程，並調查沿途各項鄉土資料。,山野教育、地方學,環境永續
桃竹苗古道探索-初級C,古道為先民開拓地方的動線，本課程旨在探尋古道沿線自然、人文景觀，以瞭解先民篳路藍縷以啟山林艱辛歷程，並調查沿途各項鄉土資料。,山野教育、地方學,環境永續
桃竹苗古道探索-初級G,古道為先民開拓地方的動線，本課程旨在探尋古道沿線自然、人文景觀，以瞭解先民篳路藍縷以啟山林艱辛歷程，並調查沿途各項鄉土資料。,山野教育、地方學,環境永續
桃竹苗古道探索-初級H,古道為先民開拓地方的動線，本課程旨在探尋古道沿線自然、人文景觀，以瞭解先民篳路藍縷以啟山林艱辛歷程，並調查沿途各項鄉土資料。,山野教育、地方學,環境永續
烏克麗麗彈唱演奏進階,夏威夷的四弦小吉他-烏克麗麗，簡單易學，方便攜帶，沒有音樂基礎要求，適合各年齡層，透過活潑生動的教學方式，按部就班的系統練習，讓學員從無到有輕鬆的學習，讓烏克麗麗融入生活，享受指尖音符流動的樂趣。,美感教育,傳統藝術
真花珠寶UV膠飾品,老師擁有8年珠寶設計師的經歷，將用人生中對美學的經驗與眼光，帶給飾品更多的樣貌與層次，並教授學員製作飾品的技巧,美感教育,美感教育
能源與居家環境,透過本課程，學員能認識能源對居家生活環境的重要性，和如何在家中方便的、有效的及安全的使用不同的能源，以增進生活品質。同時也關心各種能源的世界縕藏量，以及如何減低使用能源對地球帶來的污染。,環境永續,環境永續
國畫基礎－山水篇,由於傳統文化的式微，藉由課程來推廣這優良的文化藝術。,美感教育,民俗文化資產、美感教育
悠遊鄉土～文史輕旅行,藉由輕旅行，在鄉城中找尋獨特在地風味，認識文史故事，加深對鄉土的知識和關懷，增添人文素養與美感，間接促進地方創生。,社區總體營造、地方學、民俗文化資產,公民素養、美感教育
筆歌墨舞-行草篇（日班）,書法藝術係透過書法學習，可以怡情養性，增進恆心、毅力的定靜功夫。只要有心，就可以將字寫好、寫美，讓學習書法成為生活中的一門樂事。中國書法藝術欣賞與研習，從認識書法的美，培養興趣，涵養性情，進而朝敢寫、勤寫、愛寫、能寫的方向發展。,美感教育,美感教育
微笑天使-沖煮好咖啡,"1.	認識基本咖啡知識
2.	認識咖啡烘焙度的口感差異
3.	了解沖煮手沖咖啡的各項要素
4.	學習手沖咖啡的技巧
5.	實際操作如何沖煮一杯美味好喝的咖啡
",美感教育,非上述屬性
微寫實水彩,在充滿競爭與壓力的環境下，想藉由繪畫讓人放鬆與紓壓，讓同學對於水彩不再感到害怕。幾乎在每週課程結束時都能擁有一幅小品作品來增加信心，在課程中，保持輕鬆愉快的心情做畫，除了會教授水彩技法與步驟外，也引導同學進行創意發想與組合。,美感教育,環境永續
經絡按摩（經絡拳）,"1、緣由: 因經絡拳易學易懂，隨時隨處可振盪，不僅自己可健康也可推
                           廣給周邊的人
2、學科/知識與理論: 經絡拳~是屬[經絡振動學]是源自中國的生命科學，學
        習以雙手振盪",美感教育,非上述屬性
實用生活法律知識,建立基礎法學觀念，在課程當中利用平時的口語，解說艱澀難懂的法條，並且藉由實務上常見之案例介紹相關法律問題，以培養同學們運用法律解決問題之能力。,公民素養、人權法治、消費者保護,非上述屬性
實用生活美語,"生活美語已成為現代人出國必備的工具,本班藉由主題式的生活美語,學習單字和 句型, 並利用小組討論和對話練習,學習實用的生活美語,讓您出國,出差輕鬆說英文.",英語教育,英語教育
實用生活美語一路通,"在每個單元主題課程中帶入食衣住行之實用生活情境會話，學習主題單元之實用字彙，並透過溝通式的教學來引導句型結構和文法概念的應用，再藉由角色扮演和和學員彼此間的實際演練融入情境對話，
以此為藍本發想出屬於自己的情境對話，建立學員生活美語語料庫。",英語教育,英語教育
實用養生推拿,"提供學員藉著對推拿理論概念、推拿禁忌須知、推拿手法原理、推拿養生氣功學、人體解剖學（骨骼系統、肌肉系統、中樞神經、週邊神經系統、人體器官、呼吸系統、血液循環系統）的認識，及透過古代養生法（內經【上古天真篇、四氣調神篇】）、古代（明、清）推拿原理探討、經絡概說 (取穴法影片教學、十二經脈、手足三陰三陽常用穴位、任督二脈、經外奇穴、五輸穴、原穴、絡穴等)，肩頸、腰背推拿臨床手法理論與應用（推拿手法整合解剖學）、肩頸、腰背推拿辨證（肩頸、腰背綜合症舒緩）、頭臉美容保健理論與應用 (偏頭痛、高血壓等舒緩及顏面美容)、上肢、下肢推拿辨證（上肢綜合症舒緩）、內科保健 (頭痛、中暑、失眠、高血壓、胃病、胃下垂、便秘、腹瀉等舒緩及幼兒保健)等等的理論探討及總複習，與熟習推拿手法應用的操作。

期能進一步藉由對人體生理結構及經絡穴位的了解，古代推拿原理的探討，臨床推拿手法辨證整合解剖學，結合理論與實際應用。而深入推拿手法的運用，於無病之時舒通經絡、調和氣血，以達到注重自身的養生保健功效，並將所學應用於日常生活中，一方面與家人分享互動，一方面在生活周遭建立良好的人際關係。所謂自助然後助人，而享有健康幸福的人生。",生命教育、美感教育,非上述屬性
養心瑜伽(A)晚班,"1.透過練習的過程探索與認識自己、接受全然的自己。
2.練習在力量與放鬆之間找到自己的平衡與看見自己。",美感教育,非上述屬性
養心瑜伽(B)日班,"1.透過練習的過程探索與認識自己、接受全然的自己。
2.練習在力量與放鬆之間找到自己的平衡與看見自己。
",美感教育,非上述屬性
手工皮件-初階（週ㄧ班）,"特別安排了簡單又實用的作品讓學員能在輕鬆有趣的教學中, 搭配簡易的工具,發揮創作力, 以紮實的訓練，使學員回家後,隨時可以自行享受皮件工藝的創作樂趣。",美感教育,非上述屬性
日語初級J7(大家的日本語15-20課),"教授東京標準語。
日語從動詞及形容詞變化開始，讓您能夠在歡樂的氣氛中學習實用日語會話，奠定良好的日語基礎。",非上述屬性,非上述屬性
外交官帶你透視鮮為人知的國際局勢,"開課動機：讓國人及社會大眾對國際局勢及我國的外交關係與所處之國際環境有更清楚的認識與瞭解。
課程目標：培養國人對國際關係及國際事務之興趣 開拓宏觀的國際視野 　　
增進學員對我國政治，國際際關係及國際現勢之瞭解增廣國際見聞及開拓國際視野 進而清楚認識我國所處的國際環境及如何自處之道，並能從宏觀角度解析國際及國內局勢的脈動，掌握美中台三邊關係可能之發展，客觀及正確看待兩岸關係之走向 以及理性處理雙方之互動與交流，有自己的見解，不至於人云亦云。",公民素養、國防教育,環境永續
有氧呼吸養生塑身,藉由動態的有氧律動及伸展運動，強化心肺及肌力功能和柔軟度。透過核心肌力訓練、伸展拉筋、經絡拍打等方式，促進身體新陳代謝的循環，並舒緩放鬆身心。有氧律動融合有氧、舞蹈等動作，搭配上南美洲音樂，更增添樂趣。,美感教育,傳統藝術
竹塹攝影班,"適合所有對數位攝影有興趣的學員參加。以深入淺出的上課方式，帶領大家認識攝影器材、學習攝影美學及相機操作技巧。學員不論使用何種相機，經由本課程都可以學會各項基本觀念與技巧，輕鬆拍出動人的好照片，課程內容還包含人物攝影、風景人文攝影、市區街景外拍和…等。第一堂室內課,學員請加講師臉書以便聯繫！9月14日下午2-4時。110年元月4日。元月11日下午2-4時。室內課程",美感教育,科技學習、美感教育
快樂學桌球(週一班),"藉由桌球課程了解球場禮貌，培養勝不驕敗不餒精神，以球會友的態度，發展人際關係的和諧，享受運動過程中的快樂。
",美感教育,非上述屬性
快樂學越南語,本課程的主要目標是讓學生學習越南語，在學習越南語之餘，也能更加瞭解越南文化。,非上述屬性,民俗文化資產
投資理財線圖紮根班  ,"投資的行前學習,需跟著成功致富者的腳步,才可縮短學習的時間,早日達到創造財富的目標.老師透過多年的金融投資實務經驗,抓住研判線圖漲跌的精髓並建立有系統的教案,循序漸進指導同學 , 讓同學在重覆學習中,建立正確的投資思維與研判
※投資理財有賺有賠，投資風險自負，本課程教學供參考，個人投資行為應自負完全責任。",非上述屬性,非上述屬性
身心平衡瑜珈,"1.培養對身心靈三層面的覺察習慣，達成更接近均衡的健康生活。
2.對自我的生理、心理和精神有更科學的認知，能夠做出不傷害他人、自己、或自然的選擇。
3.不與人比較，更貼近自己，了解自己，找到自己的步伐。
",美感教育,環境永續
社區糧倉 - 共榮種植共同研究工作坊,"「共榮作物」的概念在友善農法社群間有廣泛討論, 卻少有人進行較具系統的研究
這學期課程, 我們邀請大家一起來共同研究「共榮作物」
講師會介紹共榮作物的概念, 以及科學實驗的基本原則
與大家一同研究在台灣可行的共榮植物群
",環境永續,非上述屬性
粉彩的想像力插畫創作與塗鴉 ,"這課程是想讓學員不需經過這些專業的繪畫訓練，而是透過自發性的想像、情緒的表達直接由簡單的造型、色彩就可以創作出屬於個人的插畫風格，進而對繪畫創作更有自信，也藉此更了解自己，並延伸至親子的繪畫互動。
本課程不臨摹、無寫生、不畫風景與實體物品。",美感教育,生命教育
帶著色鉛筆去旅行,培養觀察與手繪技術，讓大家旅行時可以寫生紀錄美景,美感教育,非上述屬性
旋轉天鵝~美式排舞週一初階班,"美式排舞為輕度運動.意思是排成排一起跳的舞.男女老少都適合.排舞運動風靡全球.
學員能藉由上課.活化全身體力.加強肌耐力.提升學員手腳協調性.訓練平衡感及記憶力.在反覆練習舞序並搭配舞曲.完整跳出舞曲.可加強學員自信心.促進身心健康.",美感教育,非上述屬性
異國融合肚皮舞,"每季安排不同歌曲,課程中教學肚皮舞基本動作,鍛鍊身體體態,訓練肢體動作,一步一步漸進教學,肚皮舞能鍛鍊身體小肌群運用,運動到平時不太運用的肌肉,所以在跳舞同時又能達到運動效果",美感教育,非上述屬性
笛音繚繞～單簧管（豎笛）入門,只要有心，不管幾歲都能實踐夢想。從基礎樂理至基礎豎笛吹奏，跟著老師的課程，透過有規律且有條理的教學以及學員持續的練習，一起用豎笛美妙的笛聲陶冶身心，並且透過豎笛齊奏、合奏方式，體驗各種吹奏方式，有望達成社區表演，藉以此讓師生共同促進交流成長,美感教育,非上述屬性
無形的財富─心靈成長與軟能力開發,可以做到自覺且有方法認識負面情緒，學習轉念，提升心靈並以此關懷他人，開發軟能力。,生命教育,生命教育
輕水彩輕鬆學(花卉風景篇),輕水彩插畫是一種結合水彩和速寫的技巧，主要以生活周遭發現的小確幸為作畫對象，作畫方式講求放鬆。不論有無基礎的學員皆可在此種插畫方式上手，並建立繪畫的信心和繪畫的興趣。,美感教育,非上述屬性
寫意水墨小品畫初階,"1.學習寫意水墨小品畫的線條及筆墨運用技巧。
2.透過梅、蘭、竹、菊、山石簡約的國畫技法，以藉物象為載體抒發情感或贈友，小品畫幽雅卻能帶給人以很高審美價值。
3.能透過小品畫創作能與自身環境做省思。
4.最重要這是一門、老少咸宜輕鬆有趣快樂",美感教育,環境永續、美感教育
數位生活與Google雲端應用-電腦與手機,課程傳授與實務並重，從基礎的操作過程中，讓學員從陌生的電腦世界進而熟悉電腦世界，並與日常生活相互結合，進而發現電腦與網路世界所帶來的極大方便，讓生活更豐富與充實。,科技學習,科技學習
熱情西班牙佛拉明哥舞(初階期),"1.本期課程內學會：基本的手部轉腕、基本的踩腳，並可以獨立完成一首舞曲。
2.在學習的過程中，會讓學員分組練習與小組成現
3.本期課程結束後，學員能聽懂與分辨基本的佛拉明哥舞曲
4.對佛拉明哥舞的文化有概略的了解
",美感教育,民俗文化資產
賞讀文學．品味生命,歷史是過去的生活，生活是未來的歷史，讓歷史走入生活，讓生活看見歷史。透過文學，看見過往文史的精采，涵養當下的心靈。將耳熟能詳的詩詞歌賦或者學術性強的文學作品貼近生活。讓學員可以成為生活中的文學愛好者，提昇品味，豐富生命。,生命教育、美感教育,非上述屬性
點心自家作,讓不管是否學習過烘焙課程的學員皆能享受在家就能做出美味點心，培育個人第二專長，並能促進家庭和樂。,美感教育,非上述屬性
魔力塑身:健身有氧舞蹈,"1.結合地板柔軟操與各種舞蹈元素，融入在有氧組合課程內，全方位運動!
2.正確引導學員們有效學習，進而防止運動傷害，達到快樂瘦身的目的!
3.以個別和團體互動方式，演練基本變化，既可健身又可開發人際創造力!
",美感教育,傳統藝術
歡唱卡拉OK C班,"一、理念: 結合氣功與發聲方法，推廣正確演唱卡拉OK的技巧。  
二、目標: (一)學員能學會養聲氣功及正確的演唱方法。 
         (二)學員能以樂會友，引吭高歌。 
         (三)學員能熱心參與社區歌唱表演及比賽。 
",美感教育,非上述屬性
讀小說學台語,"1.緣由: 
本課程將藉由台語短篇小說的欣賞來學習台語。
2.學科/知識與理論: 學習台語讀寫方法。
3.技能:  培養學員台語讀寫能力。
4.品德/態度: 讓學員能更愛惜台語疼惜鄉土。
5.培養學員對台語文學的喜好.",本土語文,非上述屬性
 太極氣功與養生調理,"鍛鍊精氣神，具有「保健」及「強身」功效。                 
期勉學員努力練功,在身心靈三方面,會處在健康、喜樂、祥和的意境中,對個人、家庭、公司、社會,將有
    所助益,這是我衷心期盼、也是開設本課程的目標。

",生命教育、美感教育,非上述屬性
古典音樂賞析-音樂藝術與文化,此門課透過所選古典音樂經典作品的的演出視頻、與當代演奏家的介紹，並配合音樂會導聆與參與，引導學生「深度聆賞」。藉由音樂各面向—作品的內容/結構/音樂理念/創作背景/歷史脈絡等，以理性感性兼具的方式，來提昇學生的音樂素養。,美感教育,傳統藝術、公民素養、民俗文化資產、美感教育
山林美學(認證課程),探索山林之美，愛護環境，關懷土地，提升生活美學。,環境永續、山野教育,環境永續、美感教育
國畫:寫意花鳥與山水(基礎),水墨生活化，走過四季遊遍八方用寫意的方式加入實物寫生，將生活周邊美的事物運用畫來記錄，由基礎漸進式的了解寫意花鳥畫的各種畫法與生態。,美感教育,環境永續
茶道生活美學,以茶為師、與茶共舞，品味茶湯中的深厚文化底蘊與審美境界，實踐茶道生活美學樂趣。,美感教育,民俗文化資產、美感教育
生活寫實攝影,充分利用相機和手機記錄生活，拍攝美照，享受旅遊拍照樂趣。,美感教育,科技學習
裙子、褲子設計與製作,"讓學員能自由設計與製作喜歡的裙子與褲子。
        
        ",美感教育,美感教育
經絡養生瑜珈,瑜珈結合經絡藉著不同體位變化的動作，調整阻塞的氣血運行增進新陳代謝，透過經絡瑜珈的動作，讓身體五臟六腑與關節、肌肉大腦皮層相通。,美感教育,非上述屬性
輕活氧塑身肚皮舞(六),你想擁有美麗動人的曼妙身材嗎？讓人一手掌握的水蛇腰嗎？羨慕在舞台上表演的肚皮舞孃嗎？你也可以做到，讓你享受享瘦。想變成充滿神秘感的中東肚皮舞孃嗎？別再猶豫了，馬上來報名吧！,美感教育,非上述屬性
社交交際舞(進階)-恰恰.華爾滋,用音樂旋律配合雙人舞教學，運動健身，維持優美的體態。,美感教育,傳統藝術
太極氣功(初階),教授太極氣功，鬆柔緩慢，柔和優美，能疏通經絡，調和氣血，精神安寧，筋骨強健，提升免疫機能，以達自我保健，適合各種年齡層修練。,生命教育、美感教育,非上述屬性
太極氣功(進階),教授太極氣功，鬆柔緩慢，柔和優美，能疏通經絡，調和氣血，精神安寧，筋骨強健，提升免疫機能，以達自我保健，適合各種年齡層修練。,生命教育、美感教育,非上述屬性
夏威夷呼拉舞,夏威夷呼拉舞(Hula)、或稱草裙舞，結合夏威夷古典與現代傳統歌謠，以柔軟的手部動作加上身體的動感線條與腰部臀部具有韻律感的扭動，非常具有南島民族風味與熱情。夏威夷的每一首歌曲，都是在述說一個傳說、神話故事或是讚頌，傳達愛。並且透過舞蹈的動作手勢和詩歌吟唱來傳達故事內容。這是能柔軟身段、使身心放鬆的舞蹈。,美感教育,傳統藝術
社交舞(探戈.倫巴),透過學習社交舞步，運動健身，展現優美的體態。,美感教育,非上述屬性
文山讀書會 (生活中的多元文化)(認證課程)(優惠),"透過多元的閱讀形式，一同共讀生活中的多元文化，愈是練習，生活的多元豐富也由此而生。※本課程榮獲2016年台中市社區大學優良課程『學術類』優等獎。2017年全國社大優良課程。※2020年通過臺師大非正規教育課程認證。

",性別平等、人權法治、家庭教育,人權法治、新住民課程、民俗文化資產
撟好唱歌這件事,「唱歌」怡情養性、調適身心，也得以當一輩子的工作、職業、事業甚或志業來經營。二十餘年的「唱歌教師」生涯，累積了一定的經驗與心得，冀望將這快樂的棒子傳承予有志以歌唱為職涯的有緣人。以深入淺出的方式，應對班員的個別差異與學習動機，兼顧其「專業需求」或「唱歌快樂就好」各異其趣的不同標的。,美感教育,非上述屬性
流行古箏彈奏,藉由耳熟能詳的流行樂曲彈奏，神遊於古箏的美好世界。,美感教育,非上述屬性
時事新聞英文,從課程中擴展國際視野，培養與國際人士溝通的能力。,英語教育,英語教育
逍遙人生讀《老、莊》(半價),道家思想以其特有的「柔弱之道」與「曠達的胸襟」，在生命舞台上展現非凡的風華。道家《老子》著重於注重「道法自然」中的生存哲學，道家《莊子》著重「逍遙無為」中的生命意境，兩者都能開闊人生的嶄新視野，均能做為提升自我心靈境界的竅門。 ,生命教育,環境永續
大肚溪流域走讀(淺山遊學368系列)(優惠),本課程為以大肚溪為流域學校主幹，遊學大肚溪流域的自然生態環境，應用森川里海的新概念來重新認識與找回人與環境的新關係！,環境永續、地方學,山野教育、環境永續
以素描彩繪生活,培養學生對生活周遭的敏銳觀察力及學會畫各種題材的技巧,美感教育,傳統藝術
生活花藝,以鮮花、乾燥花及永生花，搭配家中生活用具，讓花藝隨時環繞在生活中。,美感教育,非上述屬性
泡茶品茶(基礎),"推廣喝茶保健理念，輕鬆的泡茶，讓喝茶與生活結合，享受喝茶樂趣促進健康。
        
        ",美感教育,非上述屬性
芳香植物天然手工皂,"使用方便取得的素材，製作適合家人及自己使用的手工皂，有益皮膚健康。
    
    ",環境永續、美感教育,非上述屬性
家庭水電DIY,"在家庭水電設施維護安裝自己動手做做看的趨勢下，培養學員基本原理認識及操作能力。
    
    ",環境永續,非上述屬性
走讀台中學攝影,"從學習基礎攝影起步，透過光圈、快門、感光度(ISO)的運用觀念，進而教授手機拍照到單眼專業攝影技巧，並在假日安排外拍課程，引領學員將周遭美景留影，並學習後製微調保存
    ",美感教育、地方學,科技學習
楊家老架式養生太極拳(初級)(五),學習楊家老架式太極拳108式套路第一段（16式）。太極拳為我國固有文化，身心內外兼修的功法，時至今日堪稱全世界最上乘的健身自衛運動，本課程從築基功操入門，姿勢動作由淺而深，每一式皆作詳細分解說明，讓學生易學易懂。【歡迎有興趣者無論男女無年齡限制】,生命教育、美感教育,民俗文化資產
輕活氧塑身肚皮舞(五下),你想擁有美麗動人的曼妙身材嗎？讓人一手掌握的水蛇腰嗎？羨慕在舞台上表演的肚皮舞孃嗎？你也可以做到，讓你享受享瘦。想變成充滿神秘感的中東肚皮舞孃嗎？別再猶豫了，馬上來報名吧！,美感教育,非上述屬性
Zumba與緩和瑜珈,"Zumba結合舞蹈和有氧運動，搭配拉丁音樂奔放，享受音樂節奏和舞蹈，舞蹈動作難度低，適合任何人。緩和瑜珈，放鬆平日裡的身體緊張，透過動作增強柔軟度、肌耐力，提升身體能力。
    
    ",美感教育,傳統藝術
國標社交舞－華爾滋＆恰恰,"1.國標舞實用生活化，社交舞國標化，培養國標舞社交舞興趣。
            2.習得一技之長，怡心養性，展現自信，促進良好人際關係。
            ",美感教育,非上述屬性
輕活氧塑身肚皮舞(五),你想擁有美麗動人的曼妙身材嗎？讓人一手掌握的水蛇腰嗎？羨慕在舞台上表演的肚皮舞孃嗎？你也可以做到，讓你享受享瘦。想變成充滿神秘感的中東肚皮舞孃嗎？別再猶豫了，馬上來報名吧！,美感教育,非上述屬性
高爾夫入門(五),由淺入深介紹高爾夫運動正確的知識，快樂學習正確姿勢避免運動傷害。,美感教育,非上述屬性
健康瑜珈(五),瑜伽動作著重伸展，運用呼吸伸展身體、肢體，讓學員停留在本身舒適、放鬆的狀態，達到調整的效益。,美感教育,非上述屬性
大家來學歌仔戲(半價),薪傳與發揚本土傳統戲曲文化之美，培養民眾欣賞與表演歌仔戲的興趣。,本土語文、傳統藝術,傳統藝術、民俗文化資產
日語(初級),"希望學員們能快樂地學習日文基本會話，從日常對話中認識日語與日本文化。

",非上述屬性,民俗文化資產
與老外EZ Talk,"專注於聆聽不同口音，閱讀新詞彙。了解美國和外國文化以及當前的新聞主題，分享不同的想法。
        
        ",英語教育,民俗文化資產
歡樂美語輕鬆學(初級1),"在生活中認識英文，在學習過程中找到自己；認識英文熱愛學習過程中帶來的歡樂和回響。
    ",英語教育,英語教育
生死教育：告別與重生的力量  (認證課程) (半價  ),高齡化的社會，現代人需要正向的生死觀，學習實用的臨終關懷要領、實用的善終知識，學習面對喪親的親友表達適當的關懷，並使自己有力量面對自己與親友的焦慮與哀傷。這是一門可以選擇安靜聆聽與體驗，彼此分享與支持的課程。,生命教育,代間學習、生命教育、高齡心理健康
城市養蜂學(半價),介紹蜜蜂生物學、養蜂產業蜂產品，及蜜蜂授粉與生態保育。,環境永續、安全教育,環境永續
探索鳥類奧祕 (半價),為喜歡鳥類及熱愛大自然的朋友，特別設計賞鳥知識與辨識系列課程，延聘鳥類名師指導，由淺入深，傳承寶貴經驗與經驗分享，適合喜愛大自然的學員學習與參與。,環境永續、山野教育,環境永續、美感教育
園藝生活,生活在都市的現代人，探索園藝生活的多樣面貌，傳達植物對於生活的重要性與親密關係。,環境永續、美感教育,非上述屬性
餐桌上的植物學,隨著現代化的科技的栽培技術及大型生鮮超市的普遍流行，現代人對於當季適合節氣時令的蔬果多以缺乏認知，因此本課程預計從食農教育出發，除了介紹安全食農的知識以外，更將從植物學的角度，帶領學員們可以認識我們餐桌上的植物型態，及認識生活周邊的野菜及其創新料理的可能性。,環境永續、美感教育,非上述屬性
多肉植栽的日常美學,利用家中小容器或DIY自製花器組合搭配多肉或植栽 ，讓清新的植物點綴室內生活，尋找美好的生活。,美感教育,美感教育
玩美手創金屬線飾品,金屬線編飾品不僅製作簡便而快速；材料應用、技法變化都非常靈活，很容易上手，適合對飾品創作有興趣的朋友參加。,美感教育,非上述屬性
彩墨山水（初級）,透過對山水畫筆法明確的講解與示範，以及作品的賞析與理論，能夠對山水畫有基本的概念，更能創作自己心中的山水造境或自然美景。,美感教育,環境永續
墨墨含情～書法欣賞與習作(B),"書法是獨特傳統藝術，藉由書法藝術的體驗與啟發，欣賞各體書法之美，陶冶心性，磨練耐性，充實生活內涵。
        
        ",美感教育,美感教育
西洋花藝生活應用設計,"本課程以居家花藝為主軸，利用歐、美花藝設計原理的技巧和結構，並且融合東方花藝自然素材之線條設計在創作作品中，學習基礎花藝型式，以便往後可自行創作，除此之外亦可美化居家環境。
        ",美感教育,環境永續、美感教育
中餐烹調丙級技能,以丙級術科為教學內容共計72道菜，由乙級專業老師親自示範講解每道菜製作流程及方法後，全部由學員親自模擬考試現場刀工、水花、圍邊菜等實務操作，讓你100％考取證照又可習得一技之長，是餐飲業必備證照，操作完畢後針對學員缺失講解讓你更容易考取證照。,美感教育,非上述屬性
塑身優體瑜珈,贅肉是身體異常的警告訊號，將此異常的警訊源頭拔除自然就能消除肢體贅肉，恢復健康且窈窕。,美感教育,環境永續
多功能有氧,有別於一般運動，同時重視身體與心理狀態，有助提升敏銳度，進而啟動自我療癒機制，讓身體心理更健康，更導入醫學觀念，讓每個練習回到正位，重視解剖學的概念，符合人體力學與運動力學，避免造成運動傷害。,美感教育,非上述屬性
運動舞蹈與體態雕塑,"以基礎有氧課程為主、搭配動感有氧舞曲做有氧訓練，先從暖身開始啟動…進入動作變化組合，此結合肌力、心肺、核心三合一課程的循環訓練，讓身體得到全面性的運動。
        
        ",美感教育,傳統藝術
健康瑜珈(四),瑜伽動作著重伸展，運用呼吸伸展身體、肢體，讓學員停留在本身舒適、放鬆的狀態，達到調整的效益。,美感教育,非上述屬性
高爾夫入門,由淺入深介紹高爾夫運動正確的知識，快樂學習正確姿勢避免運動傷害。,美感教育,非上述屬性
自然人文生態之美體驗解說(半價),"透過課程的介紹及解說的訓練，對社區的人文古蹟及自然動植物的認識，對鄉土更深一層的認定，讓自然生態與生命產生關聯，更活化了我們的心靈。

",環境永續、、俗文化資產,山野教育、民俗文化資產、環境永續
走讀台中-傳統建築藝術(優惠),"  台中市的傳統建築約三百年前由漢民族所引進，此後因物產豐饒、人物輩出，加上地方性閩客族群受人文、自然環境的影響，發展出華麗細致的風格。
      台中市有形建築被指定為文化資產者，計有國定古蹟4處、市定古蹟51處、歷史建築118處、紀念性建築3處，真是多元而豐富。
      本課程以「讀書會」方式認識先民傳統建築的思想、地理風水、擇址、格局樣式、建築工法…等基本知識，並實地參訪不同區域、形式的傳統建築，體驗台中人文之美，習得導覽解說技能。
    
    ",民俗文化資產,人權法治、民俗文化資產、環境永續、美感教育
小提琴(進階),快樂學習小提琴。,美感教育,非上述屬性
西川流日本舞踊:古典、創作舞,"1.日本舞踊在動靜之間細膩演繹出舞蹈的優美典雅，它除了是一種藝術之外，也重視舞者的涵養與精神。藉由在社區大學教學，讓舞踊的美不只是在舞台，而是以一種更平易近人的方式融入社區。
    2.除了透過舞蹈表現喜怒哀樂之外，也會運用扇子來詮釋不同的場景或道具，並讓人更深刻的體會日本舞踊那「柔、靜、意、形、勁」的優雅氛圍。
    ",美感教育,傳統藝術、美感教育
愛上烏克麗麗彈唱,在繁忙及充滿壓力的生活氛圍下，彈奏烏克麗麗可以抒發情緒，釋放壓力，淨化人心、提升藝文氣、怡情養性。課程中快樂學習，學習快樂！,美感教育,生命教育
古箏&葫蘆絲的韻與美,古箏是我國傳統的民族樂器，其有寛廣的音域和豐富的表現力，葫蘆絲是雲南少數民族的樂器，其音色優美，易學易演奏。這二種樂器可單獨獨奏或結合演奏，達到不同的學習效果，且具有濃郁的民族特色，廣受人們所吸引。,美感教育,非上述屬性
英語自然發音與基礎句型,"幫助初學者建立正確的英語發音口型，讓初學者以有趣而簡單的口訣看字就會唸字，進而幫助學習者用節拍記憶 ，輕鬆背誦英語單字，跨出英語學習的第一步。
    ",英語教育,環境永續、英語教育
生活日語(進階3),"本課程以具備180小時基礎學習之學員為對象，更進一步練習進階日文文法與流暢會話技巧，並能閱讀簡單之日文文章、雜誌…等。課程當中穿插日文歌曲、旅遊日語，日本文化介紹，讓日語學習融入多元文化理解，並提升國際視野。
        
        ",非上述屬性,人權法治、新住民課程、民俗文化資產
生活日語(進階6),"本課程以具備270小時基礎學習之學員為對象，更進一步練習進階日文文法與流暢會話技巧。課程當中穿插日文歌曲、日本時事話題，讓日語學習融入多元文化理解，並提升國際視野。
        ",非上述屬性,人權法治、新住民課程、民俗文化資產
輕輕鬆鬆與老外英語會話,讓學員習慣使用英語表達想法、描述事情，進而與他人交流溝通。,英語教育,英語教育
葡萄酒文化之旅,希望藉由葡萄酒帶大家認識其他國家的文化和特色，並且學習如何品味葡萄酒，提升自身品味，讓台灣的飲酒文化不再只是停留於“乾杯”。,非上述屬性,民俗文化資產
《易經》的現代人生策略學（初階）(半價),將《易經》六十四卦中，所彰顯的哲理智慧，逐一詳細解讀與講述，讓學員能從中體悟《易經》足以啟發人生的處世態度與哲理的奧妙之處，並將之應用於人生處世的策略與態度上。,公民素養、生命教育,非上述屬性
投資理財輕鬆學,投資理財已是全民基本教育。本課程協助學員建立正確的投資理財觀念，藉由投資理財實務經驗的分享，將金融市場投資人最常用的金融投資工具(如股票、基金、ETF)用簡單易懂的實例說明，讓學員學習正確的觀念與心法，輕鬆理財，使我們在人生的各個階段都能擁有一個高品質的生活。,非上述屬性,非上述屬性
從電影談性別平權議題(半價),電影中反映了社會現象與問題，也傳達社會中的多元要素，而對性別議題往往也是電影呈現與探討的焦點之一。回顧過去，性別議題在各種歧視和衝突下不斷上演，因應這樣的趨勢，選出具代表性的電影，試圖喚起大家對性別議題的重視。,性別平等,人權法治、性別平等
正向心理學：陽光、淡定、幸福感(認證課程),現代人常身兼數種角色，繁忙且身心緊繃。本課程深化美德與個人強項特質，培養身心定力，以及促進正向人際溝通。隨著課程主題討論與練習「單純與管理、由衷與感恩、認真與心流體驗、謙虛與學習、主動與正向思考、浪漫與希望」，以及「幫助彼此建立信心，榮耀彼此、分享喜樂、柔軟心」，以增進生命整體幸福感。,生命教育,非上述屬性
生活插畫:禪繞畫與色鉛筆,很多人嚮往畫出美麗的作品，卻擔心自己畫的不夠好，或是起步太困難，繪畫其實可以很簡單，從自己出發，用畫筆記錄生活的點點滴滴，將簡單平凡的生活串成繽紛的色彩躍然於紙上，紀錄的同時，還能將生活的驚喜與美好一同分享給身邊的親朋好友。,美感教育,非上述屬性
中華花藝-寫景與造型花,寫景假盤盂而作地，注重花木自然生態。崇尚純真、樸實、清新閒趣。造型重視藝術美，可培養創意、國際美學視野。,美感教育,山野教育、環境永續、美感教育
創意與工藝:飾品DIY,透過課程學習，引導學員領略各種手創飾品之美。課堂設計融入豐富的創作技法 ，運用玉石、琉璃 …等素材做搭配，以現代珠寶設計概念，結合繩結線編做創作發想，能同時將工藝美學落實於生活之中 ，讓學員能夠創作出兼具藝術與實用價值，且具個人特色的美麗飾品。,美感教育,美感教育
色鉛筆彩繪(基礎1),輕鬆學會色鉛筆的混色原理及技巧，即使未學過畫的素人都能體會畫畫的樂趣,美感教育,傳統藝術
色鉛筆彩繪(基礎2),輕鬆學會色鉛筆的混色原理及技巧，即使未學過畫的素人都能體會畫畫的樂趣,美感教育,傳統藝術
墨墨含情～書法欣賞與習作(A),"書法是獨特傳統藝術，藉由書法藝術的體驗與啟發，欣賞各體書法之美，陶冶心性，磨練耐性，充實生活內涵。
        
        ",美感教育,美感教育
快樂學平板與智慧型手機,"能自行操作簡單易用的手持式設備，不再有智慧型手機或平板而不會使用的窘境。
    ",科技學習,科技學習
茶道生活美學,以茶為師、與茶共舞，品味茶湯中的深厚文化底蘊與審美境界，實踐茶道生活美學樂趣。,美感教育,民俗文化資產、美感教育
輕活氧塑身肚皮舞(二),你想擁有美麗動人的曼妙身材嗎？讓人一手掌握的水蛇腰嗎？羨慕在舞台上表演的肚皮舞孃嗎？你也可以做到，讓你享受享瘦。想變成充滿神秘感的中東肚皮舞孃嗎？別再猶豫了，馬上來報名吧！,美感教育,非上述屬性
瑜珈提斯(三),透過體位法的設計安排配合音樂，營造無壓力的空間，讓學員身、心、靈得以平衡!,美感教育,傳統藝術、美感教育
減重增能有氧與多元輔具皮拉提斯,"每一種運動型態都有其獨特的面向，相輔相成，幫助身體維持因應生活與休閒所需身體素質
            【減重增能有氧】
            有氧運動的體適能面向在於幫助學員提升心肺系統的運行效率，改善整體血液循環，增加血氧含量，調節血壓，幫助身體燃燒脂肪，增加基礎代謝率並提升體力。通常以最大心跳率的60-85% 為強度指標設計成鐘型曲線的課程架構來幫助學員安全增進體能，漸進達到減重目標。
            【多元輔具 Pilates】
            皮拉提斯的學習價值是建立“體察”並”調控”自己身體使用狀態，建立核心與四肢肌肉的最佳動力鍊，讓它們在生活與工作乃至於是喜愛的休閒運動中扮演好動力基礎。而多元輔具的應用，是要幫助學員更深度的與身體連結，並經驗不同輔具的形狀與材質為身體帶來的支持與不同面向的探索經驗。本課程將交叉運用:核心球、彈力帶、長芯/短芯滾筒、平衡、皮拉提斯鋼環於課程之中，讓學員感受皮拉提斯的多元面向。
            ",美感教育,人權法治、美感教育
楊家老架式養生 太極拳(初級)(三),學習楊家老架式太極拳108式套路第一段（16式）。太極拳為我國固有文化，身心內外兼修的功法，時至今日堪稱全世界最上乘的健身自衛運動，本課程從築基功操入門，姿勢動作由淺而深，每一式皆作詳細分解說明，讓學生易學易懂。【歡迎有興趣者無論男女無年齡限制】,生命教育、美感教育,民俗文化資產
楊家老架式養生太極拳(中級),08式套路（後段）。太極拳為我國固有文化，身心內外兼修的功法，時至今日堪稱全世界最上乘的健身自衛運動，本課程從築基功操入門，姿勢動作由淺而深，每一式皆作詳細分解說明，讓學生易學易懂。,生命教育、美感教育,民俗文化資產
流行MV舞,MV舞目前在台灣各年齡層都非常的夯，希望上完課之後學員除了會看以外，還能跟著一起跳。,美感教育,非上述屬性
皮拉提斯核心肌群運動,強化肌耐力及核心肌群訓練,美感教育,非上述屬性
唱遊南管(半價),讓大眾認識傳統戲曲之美,傳統藝術、美感教育,傳統藝術
輕鬆說唱日語歌,語言除了說之外，透過歌曲的詮釋，文法的理解更能融入日本文化的意境。,非上述屬性,傳統藝術、民俗文化資產
烏克麗麗應用歌曲,在結束忙碌的一天後，是不是該找個地方和大家一同撥撥琴弦唱唱歌好好的放鬆呢？無論是自學過的同好、還是有基礎的同學、甚至是曾經放棄過的朋友，只要在心裡深處對烏克麗麗充滿熱忱，歡迎一同加入我們。,非上述屬性,非上述屬性
長笛演奏(初級2),"在上學期18周的基礎上，能進一步拓展長笛技巧，學習長笛合奏的樂趣。

",美感教育,非上述屬性
西班牙語(初級2),"主要內容延續109秋季班「西班牙語(初級1)」的課程；訓練學習者日常生活中基本會話的表達與字彙的能力；循序漸進式引導學習者勇於用西班牙語開口說話為基本原則；讓學習者進一步認識多元的西班牙語系國家世界及文化。
    
    ",非上述屬性,人權法治、民俗文化資產
歌唱與人生(半價),讓學員了解正確的發聲方法，並藉著歌唱抒發情感，並了解台灣本土音樂及作曲家的故事，從而啟發自身的人生真諦。,美感教育,傳統藝術
音樂與電影(認證課程) (半價),加強學員對電影配樂的了解及明白配樂的重要性，並從音樂的角度賦予電影深度的意涵,公民素養、媒體素養,傳統藝術
旅遊藝術眼-西洋藝術欣賞(半價),將視覺藝術之「西洋美術史」與「藝術鑑賞」帶入生活中。引領學員搭乘美術史時光機回到過去~~教師扛回希臘神話的雕像<太陽神阿波羅><愛神與賽姬>帶到課堂、飛到德國捷克穿過中世紀、看看義大利文藝復興、荷蘭的北方文藝復興、法王路易家族的巴洛克、洛可可、最終藉由大衛的<拿破崙翻越阿爾卑斯山>詮釋新古典主義，……。透過旅行日記與自製多媒體及實物互動教學，輔以教師旅行生活上的驚喜與趣味，除了探究藝術家的創作理念及培養對西方繪畫美學的概念認知之外，提升人文科學素養及開拓國際視野，並能真正尊重各國文化的差異，有助於學生開創全新的創作思維。,媒體素養、美感教育,人權法治、公民素養、民俗文化資產、美感教育
練習自愛才懂愛人(半價),容易感到委屈與不快樂?雖然人際關係不錯，但是常覺得好累?不知道如何跟自己相處?以生活中實際的例子進行應用，從自身的覺察與成長，發展出健康、和諧、自在的人際關係。,生命教育、家庭教育,非上述屬性
股市與基金投資實務,藉由簡單的投資實務經驗分享讓學員能洞悉股市及基金買賣的時間點，避免投資迷思，遠離投資陷阱。,非上述屬性,非上述屬性
一葉觀台灣：海岸步道植物園(半價),"『一葉觀台灣』課程，期待透過行走生活中不一樣生態系統的自然步道，來認識步道上的植物特色，並搭配介紹台灣多樣化的微氣候、微地質、微地形及當地人文共構出具有環境人文特色的步道課程，並結合當學期主題步道的戶外教學場域，在野外透過植物形態、植物分類、植物命名等不同面向來認識台灣原生的植物及其生育的環境，進而理解植物、環境與在地文化的關係。
        台灣島嶼具有高山峻嶺甚多，本課程預計以一年的課程規劃，主要著重於台灣北、中、南、東部的濱溪步道植物生態系。透過北、中、南、東的不同的氣候、雨量、地形的差異，每條溪流都孕育著不同的植物特色。在面對各地河川水泥化的日趨嚴重，及各地濱溪植物的生態特色也逐漸的消失，本學期「一葉觀台灣」預計透過實地走訪來認識海岸步道的植物分布，讓大家可以深入認識台灣具特色的海岸植物。
        ",環境永續、地方學,民俗文化資產、環境永續
金屬工藝創作與生活應用,藉由循序漸進的單元，從金屬工藝的基礎技法開始，透過實際操作讓學員了解金屬的材質特性與加工技法，體驗金工手做樂趣及廣泛的生活應用。,美感教育、傳統藝術,傳統藝術
啡嚐有趣,藉由實務操作、重點式教學讓學員具備咖啡沖煮的基本技術與能力。,美感教育,非上述屬性
家嚐私房菜,推廣健康美味的飲食，學習道地廣式、法式、越式、中式..的私房料理及獨特的配方技巧。現場分組實際操作，讓你成為烹飪大師。,美感教育,非上述屬性
健康瑜珈,教導如何發揮潛能，將瑜珈與生活結合，並指導你適當的伸展與放鬆，開拓美好的生活旅程，享受喜悅的生活。,美感教育,非上述屬性
輕活氧塑身肚皮舞(三),你想擁有美麗動人的曼妙身材嗎？讓人一手掌握的水蛇腰嗎？羨慕在舞台上表演的肚皮舞孃嗎？你也可以做到，讓你享受享瘦。想變成充滿神秘感的中東肚皮舞孃嗎？別再猶豫了，馬上來報名吧！,美感教育,非上述屬性
皮拉提斯核心肌群運動(二),強化肌耐力及核心肌群訓練,美感教育,非上述屬性
運動舞蹈與體態雕塑,"以基礎有氧課程為主、搭配動感有氧舞曲做有氧訓練，先從暖身開始啟動…進入動作變化組合，此結合肌力、心肺、核心三合一課程的循環訓練，讓身體得到全面性的運動。
        
        ",美感教育,傳統藝術
大肚山自然公園與山貓森林(優惠),透過共學社團的型態，探討大肚山及台灣自然公園的環境生態與文化，並透過參訪、踏查、實作等的方式，共尋未來家園的美麗願景，培養永續台灣的環境意識與責任。,環境永續、山野教育,代間學習、山野教育、民俗文化資產、環境永續
民謠吉他&烏克麗麗(初級),初級班的課程將和您一同從最開始的地方一探究竟，一起體驗撥弄琴弦自在高歌的感動。,美感教育,非上述屬性
歌曲歡唱(B),音樂是現代人在生活中不可或缺的精神支柱，它不僅有助於身心健康，而且是可平衡生活情緒及排憂解悶的妙方。一般來說，總能在歌聲中伴隨著愉悅的氣氛，發掘出個人的勇氣與耐心，是一門文化修養和感情素質的探討。,美感教育,傳統藝術、民俗文化資產、生命教育
生活西班牙語,"主要內容延續109年秋季班「生活西班牙語」的課程；藉由不同的生活溝通情境，認識實用的西班牙語句型、字彙及語法，並結合觀光及商業用語。

",非上述屬性,非上述屬性
越南語與文化(初級),目前在臺的越南新住民及越南勞工人數越來越多，到越南投資的的臺商或被派去越南工作的臺幹也不少，並分每位越南人士都可以用英文溝通，因此越南語是重要的語言之一。不但可以做為溝通的工具，更重要的是可以促進台越兩國互相了解彼此的文化，還能幫助你有更多機會找到一份工作或順利發展自己的事業。,非上述屬性,新住民課程、民俗文化資產、英語教育
德語與文化(初級),"德語比英語有更複雜的文法規則，本課程提供一個有趣而無壓力的方式來學習德語。此外，可進一步認識德國文化。
        ",非上述屬性,民俗文化資產、英語教育
油畫欣賞與創作,從基礎到進階的繪畫創作課程，逐步的體驗屬於油畫媒材創作樂趣，創作出於自我風格的藝術作品。,美感教育,美感教育
書法藝術賞析與習作,書法是獨特傳統藝術，藉由書法藝術的體驗與啟發，欣賞各體書法之美，陶冶心性，磨練耐性，充實生活內涵。,美感教育,美感教育
菜園生活不孤單,"親近大自然、享受田園之樂，對個人而言，不僅可以活動身體、舒緩情緒、還有心靈療癒的功能，有效促進個人的身心靈健康。
    本課程計畫帶領社區居民親近土地、走進綠意盎然的菜園，體驗都市農耕生活的樂趣。從育苗、栽種、採收及照顧土地的過程中，舒展自己身心之外、更珍惜愛護大自然。
    
    亦歡迎對設計可食地景有興趣的學員，參加本課程，在田園中共做共學，增進對農田規畫與執行的能力。本課程將於「東海‧食農教育基地」為主要上課場域。除了授課教師之外，還有臺中市食農教育發展協會的志工團隊，將會一起陪伴學員，學習栽種技巧，田間管理以及分享低碳美味的蔬食料理。
    本課程將採取「小而慢」教學方法，陪伴學員在田間實習中，學會友善土地的耕作技巧、居家簡易堆肥法、永續健康的生活方式等等。將「照顧人」、「照顧地球」、「分享多餘」的永續生活理念，融入本課程活動中。
    因應防疫期間，本課程學員將彈性分組，進行田間實作，以保持安全之社交距離。
    ",環境永續、公民素養,代間學習、環境永續、生命教育、美感教育
手工皂與保養品DIY,運用手邊易取得的花草植物及植物油等，製作環保手工皂，改善自己及家人肌膚問題。,環境永續、美感教育,環境永續
農產品加工與利用,"農產品透過加工可以調節市場供需、穩定市場價格、增加附加價值，保障農民權益。
        探討食品製作流程與食品安全，學習專業的能力；藉由實際操作來學習傳統及創新的農產品加工方法，提升在地農產品的利用率與多樣化，增加微型創業的機會。
        ",社區總體營造,人權法治
司儀主持人養成,藉由課程協助學員能成為獨當一面的主持及司儀高手，讓工作更能得心應手。,非上述屬性,非上述屬性
HIP-HOP街舞(基礎),學習更多肢體的延展性跟變化性，來多了解目前流行的街舞,美感教育,非上述屬性
體適能有氧,可提升身體的協調力與核心力量，幫身體獲得深層的舒展並釋放緊繃的壓力，促進血液循環，舒緩脊椎的壓力，鍛鍊身體的協調性，訓練核心力，緊實體態。,美感教育,非上述屬性
瑜珈提斯(一),透過體位法的設計安排配合音樂，營造無壓力的空間，讓學員身、心、靈得以平衡!,美感教育,傳統藝術、美感教育
歌曲歡唱(A),音樂是現代人在生活中不可或缺的精神支柱，它不僅有助於身心健康，而且是可平衡生活情緒及排憂解悶的妙方。一般來說，總能在歌聲中伴隨著愉悅的氣氛，發掘出個人的勇氣與耐心，是一門文化修養和感情素質的探討。,美感教育,傳統藝術、民俗文化資產、生命教育
二胡演奏(中級2),"以輕鬆愉快的教學方式，讓學員透過學習二胡演奏了解傳統文化之美，藉由音樂的薰陶達到身心靈放鬆與成長。

",美感教育、傳統藝術,傳統藝術、民俗文化資產
旅遊英語與文法會話,"已有簡單文法及會話基礎學習者，將英語應用在生活中，不會恐懼用英語跟老外溝通，學習生活會話及表達想法，輕鬆提升英語能力。達到Easy English Words for Global World 

",英語教育,英語教育
生活日語：從五十音開始,"培養第二外語能力並增進對日本文化之認識及瞭解。
    ",非上述屬性,民俗文化資產
生活日語(初級3),"引導式教學，生活情境演練。課程當中穿插日文歌曲、旅遊日文，日本文化、風俗民情介紹,遊戲式練習活動。讓日本語學習生活化、活潑化，以提升終身學習之動機。
    
    ",非上述屬性,民俗文化資產
生活日語(初級2),"本課程突破按部就班朗誦課文教學的迷思,結合引導式教學與遊戲式練習活動，融入生活情境模擬演練。課程當中藉由日文歌曲教唱與學員的生活結合，讓日本語學習生活化、活潑化，以提升終身學習之動機。
    
    ",非上述屬性,非上述屬性
生活英語與美國文化,談論和理解美國文化及東西方思想與禮儀的區別。,英語教育,民俗文化資產、英語教育
